<Page xmlns="http://schemas.nativescript.org/tns.xsd" navigatingTo="navigatingTo" class="bg-gray-100">
    <ActionBar title="Document Scanner" class="bg-blue-600 text-white" />
    
    <GridLayout rows="*, auto" class="p-4">
        <StackLayout row="0" class="space-y-4">
            <Image src="{{ previewImage }}" class="w-full h-64 rounded-lg" visibility="{{ previewImage ? 'visible' : 'collapsed' }}" />
            
            <Label text="No document scanned" 
                   class="text-xl text-center text-gray-500"
                   visibility="{{ !previewImage ? 'visible' : 'collapsed' }}" />
                   
            <Label text="{{ processingMessage }}"
                   class="text-sm text-center text-blue-600"
                   visibility="{{ isProcessing ? 'visible' : 'collapsed' }}" />
        </StackLayout>
        
        <GridLayout row="1" columns="*, *" class="space-x-2">
            <Button col="0" text="Camera" tap="{{ onCameraTap }}" 
                    class="bg-blue-600 text-white rounded-lg p-4" />
            <Button col="1" text="Gallery" tap="{{ onGalleryTap }}"
                    class="bg-blue-600 text-white rounded-lg p-4" />
        </GridLayout>
    </GridLayout>
</Page>